City_ID,City,Country,Date,Lat,Lng,Max Temp,Humidity,Cloudiness,Wind Speed
0,Ushuaia,AR,2021-12-08 03:02:56,-54.8,-68.3,42.46,56,20,9.22
1,Yaan,NG,2021-12-08 03:06:34,7.3833,8.5667,75.63,27,87,5.08
2,Busselton,AU,2021-12-08 03:03:39,-33.65,115.3333,88.05,38,46,8.93
3,Nara,JP,2021-12-08 03:11:12,34.6851,135.8049,54.68,45,84,14.16
4,Benghazi,LY,2021-12-08 03:11:13,32.1167,20.0667,63.79,65,45,30.33
5,Chuy,UY,2021-12-08 03:05:10,-33.6971,-53.4616,63.05,76,0,10.0
6,Kroya,ID,2021-12-08 03:11:14,-7.6331,109.2461,86.04,65,40,1.79
7,Kodiak,US,2021-12-08 03:07:40,57.79,-152.4072,27.91,50,20,31.07
8,Kruisfontein,ZA,2021-12-08 03:06:24,-34.0033,24.7314,57.88,93,100,1.23
9,San Luis,AR,2021-12-08 03:11:15,-33.295,-66.3356,74.7,46,4,9.46
10,Ajaccio,FR,2021-12-08 03:11:16,42.0,8.9167,48.36,76,90,8.05
11,Erdenet,MN,2021-12-08 03:11:17,49.0333,104.0833,23.47,24,100,3.98
12,Jamestown,US,2021-12-08 03:05:55,42.097,-79.2353,26.19,84,1,3.0
13,Hobart,AU,2021-12-08 03:09:22,-42.8794,147.3294,61.27,58,75,1.01
14,Hilo,US,2021-12-08 03:07:35,19.7297,-155.09,78.53,40,40,11.5
15,Benin,BJ,2021-12-08 03:11:19,9.5,2.25,71.78,30,21,3.87
16,Malakal,SS,2021-12-08 03:11:19,9.5334,31.6605,75.38,26,81,6.73
17,Longyearbyen,SJ,2021-12-08 03:11:20,78.2186,15.6401,30.04,74,75,16.11
18,Corinth,GR,2021-12-08 03:09:46,37.9407,22.9573,54.9,70,40,9.91
19,Thinadhoo,MV,2021-12-08 03:11:21,0.5333,72.9333,81.63,80,100,10.42
20,Port Augusta,AU,2021-12-08 03:11:22,-32.5,137.7667,74.71,26,1,21.43
21,Thompson,CA,2021-12-08 03:07:07,55.7435,-97.8558,-26.93,100,6,2.73
22,Ponta Do Sol,PT,2021-12-08 03:09:21,32.6667,-17.1,62.01,72,89,2.35
23,Jozefow,PL,2021-12-08 03:11:23,52.1371,21.2359,24.04,87,90,10.36
24,Sawakin,SD,2021-12-08 03:11:24,19.1059,37.3321,81.18,66,30,8.57
25,Vila Franca Do Campo,PT,2021-12-08 03:09:44,37.7167,-25.4333,60.19,71,78,6.35
26,Havoysund,NO,2021-12-08 03:11:25,70.9963,24.6622,20.28,71,0,23.35
27,Ribeira Grande,PT,2021-12-08 03:06:08,38.5167,-28.7,60.69,61,83,10.67
28,Punta Arenas,CL,2021-12-08 03:06:07,-53.15,-70.9167,41.11,75,20,11.5
29,Salalah,OM,2021-12-08 03:11:27,17.0151,54.0924,73.49,27,0,8.05
30,Mahebourg,MU,2021-12-08 03:11:28,-20.4081,57.7,79.25,69,5,13.58
31,Lompoc,US,2021-12-08 03:09:09,34.6391,-120.4579,57.78,87,1,0.0
32,Qaanaaq,GL,2021-12-08 03:03:24,77.484,-69.3632,10.9,73,100,6.38
33,Sahuaripa,MX,2021-12-08 03:11:30,29.05,-109.2333,60.69,39,92,5.61
34,Dingle,PH,2021-12-08 03:09:24,10.9995,122.6711,75.7,89,100,13.53
35,Vestmannaeyjar,IS,2021-12-08 03:11:31,63.4427,-20.2734,37.09,80,97,19.62
36,The Valley,AI,2021-12-08 03:04:38,18.217,-63.0578,80.46,69,100,20.24
37,Rawson,AR,2021-12-08 03:11:32,-43.3002,-65.1023,56.46,81,100,42.32
38,Port Elizabeth,ZA,2021-12-08 03:05:30,-33.918,25.5701,60.1,87,100,3.04
39,Tallahassee,US,2021-12-08 03:08:46,30.4383,-84.2807,67.68,98,90,0.0
40,Cape Town,ZA,2021-12-08 03:02:18,-33.9258,18.4232,64.27,76,87,3.0
41,Bandarbeyla,SO,2021-12-08 03:11:34,9.4942,50.8122,72.99,72,40,16.37
42,Albany,US,2021-12-08 03:06:00,42.6001,-73.9662,29.68,77,100,2.8
43,Gravdal,NO,2021-12-08 03:12:35,68.1214,13.5031,24.69,54,75,8.05
44,Port Lincoln,AU,2021-12-08 03:12:36,-34.7333,135.8667,62.02,47,14,15.9
45,Berlevag,NO,2021-12-08 03:12:36,70.8578,29.0864,18.01,68,6,21.63
46,Krasnoselkup,RU,2021-12-08 03:12:37,65.7,82.4667,-13.32,100,89,6.22
47,Arraial Do Cabo,BR,2021-12-08 03:05:24,-22.9661,-42.0278,71.83,80,100,7.83
48,Kavaratti,IN,2021-12-08 03:12:38,10.5669,72.642,80.11,67,1,8.34
49,La Ronge,CA,2021-12-08 03:12:38,55.1001,-105.2842,-5.44,92,100,6.89
50,Mineros,BO,2021-12-08 03:12:39,-17.1167,-63.2333,80.19,68,28,4.21
51,Puerto Ayora,EC,2021-12-08 03:07:03,-0.7393,-90.3518,67.95,88,39,6.62
52,Grand Gaube,MU,2021-12-08 03:12:40,-20.0064,57.6608,79.38,70,18,10.0
53,Bytosh,RU,2021-12-08 03:12:41,53.8186,34.0912,28.56,93,100,8.5
54,Broken Hill,AU,2021-12-08 03:12:41,-31.95,141.4333,71.51,27,10,16.42
55,Mataura,NZ,2021-12-08 03:06:12,-46.1927,168.8643,62.47,33,96,7.34
56,Kunashak,RU,2021-12-08 03:12:42,55.7032,61.5498,3.72,87,53,5.1
57,Rikitea,PF,2021-12-08 03:04:16,-23.1203,-134.9692,75.13,61,94,18.19
58,Pangnirtung,CA,2021-12-08 03:12:43,66.1451,-65.7125,-4.88,83,17,7.07
59,Portland,US,2021-12-08 03:11:00,45.5234,-122.6762,55.85,95,90,3.0
60,Port Alfred,ZA,2021-12-08 03:06:20,-33.5906,26.891,65.91,85,96,10.02
61,Bambous Virieux,MU,2021-12-08 03:12:45,-20.3428,57.7575,79.21,69,8,13.73
62,Polignano A Mare,IT,2021-12-08 03:12:46,40.9959,17.2159,46.02,62,6,20.67
63,Malazgirt,TR,2021-12-08 03:12:47,39.1427,42.5401,27.36,79,62,2.15
64,Yellowknife,CA,2021-12-08 03:06:27,62.456,-114.3525,-4.59,87,90,16.11
65,Zigong,CN,2021-12-08 03:12:48,29.3416,104.7769,51.37,85,100,4.05
66,Tuktoyaktuk,CA,2021-12-08 03:03:52,69.4541,-133.0374,8.6,85,75,10.36
67,Castro,BR,2021-12-08 03:12:35,-24.7911,-50.0119,51.12,94,55,6.69
68,Bluff,NZ,2021-12-08 03:04:12,-46.6,168.3333,62.8,62,90,5.61
69,Sungai Besar,MY,2021-12-08 03:12:50,3.6746,100.9867,83.46,68,100,2.26
70,Hermanus,ZA,2021-12-08 03:09:19,-34.4187,19.2345,62.91,87,100,13.87
71,Rio Branco,BR,2021-12-08 03:12:51,-9.9747,-67.81,75.81,100,0,0.0
72,Grahamstown,ZA,2021-12-08 03:12:51,-33.3042,26.5328,57.79,93,99,4.47
73,Stornoway,GB,2021-12-08 03:12:52,58.2093,-6.3865,44.56,84,20,5.99
74,Dudinka,RU,2021-12-08 03:12:52,69.4058,86.1778,-9.38,98,100,12.66
75,Xichang,CN,2021-12-08 03:12:53,27.8964,102.2634,58.44,80,94,1.72
76,Cabo San Lucas,MX,2021-12-08 03:10:13,22.8909,-109.9124,75.51,72,1,0.0
77,Bredasdorp,ZA,2021-12-08 03:04:15,-34.5322,20.0403,61.29,92,100,8.19
78,Maniitsoq,GL,2021-12-08 03:09:27,65.4167,-52.9,15.85,50,100,6.82
79,Ahipara,NZ,2021-12-08 03:12:55,-35.1667,173.1667,73.11,61,45,3.22
80,Atascadero,US,2021-12-08 03:11:36,35.4894,-120.6707,53.33,76,39,3.58
81,Ponferrada,ES,2021-12-08 03:12:56,42.5466,-6.5962,39.22,94,100,5.99
82,Comodoro Rivadavia,AR,2021-12-08 03:12:57,-45.8667,-67.5,51.66,71,75,12.66
83,Shimoda,JP,2021-12-08 03:12:57,34.6667,138.95,54.1,68,100,10.45
84,Sitka,US,2021-12-08 03:12:58,57.0531,-135.33,37.29,70,90,17.27
85,Binga,ZW,2021-12-08 03:12:59,-17.6203,27.3414,75.76,67,84,5.68
86,Santiago De Cao,PE,2021-12-08 03:12:59,-7.9589,-79.2392,65.91,89,100,11.95
87,Saint-Philippe,RE,2021-12-08 03:07:14,-21.3585,55.7679,78.35,73,13,10.18
88,Georgetown,MY,2021-12-08 03:13:01,5.4112,100.3354,84.13,61,20,10.36
89,Cherskiy,RU,2021-12-08 03:14:02,68.75,161.3,-44.81,99,100,5.57
90,Makakilo City,US,2021-12-08 03:14:03,21.3469,-158.0858,77.32,75,1,3.44
91,New Norfolk,AU,2021-12-08 03:07:53,-42.7826,147.0587,60.93,34,97,4.38
92,Saint George,US,2021-12-08 03:10:53,37.1041,-113.5841,54.36,44,1,3.0
93,Axim,GH,2021-12-08 03:14:04,4.8699,-2.2405,78.4,87,16,6.51
94,Bengkulu,ID,2021-12-08 03:03:35,-3.8004,102.2655,83.97,63,91,3.65
95,Lubango,AO,2021-12-08 03:14:05,-14.9172,13.4925,61.83,77,100,4.21
96,Atuona,PF,2021-12-08 03:06:30,-9.8,-139.0333,78.76,74,16,16.55
97,Cayenne,GF,2021-12-08 03:06:31,4.9333,-52.3333,79.09,89,40,0.0
98,Seoul,KR,2021-12-08 03:14:07,37.5683,126.9778,49.51,56,0,0.38
99,Soller,ES,2021-12-08 03:14:07,39.7662,2.7152,62.85,62,25,4.0
100,Borogontsy,RU,2021-12-08 03:14:08,62.6683,131.1683,-30.98,97,44,5.26
101,Damghan,IR,2021-12-08 03:14:08,36.1683,54.348,40.17,49,5,2.33
102,Barrow,US,2021-12-08 03:06:10,71.2906,-156.7887,14.02,73,90,24.16
103,Kazanskoye,RU,2021-12-08 03:14:10,55.6448,69.235,-6.25,97,6,4.94
104,Itaituba,BR,2021-12-08 03:14:10,-4.2761,-55.9836,74.34,95,100,0.98
105,Pasir Gudang,MY,2021-12-08 03:14:11,1.4584,103.8805,86.36,72,75,10.36
106,Carnarvon,AU,2021-12-08 03:14:12,-24.8667,113.6333,78.6,66,1,9.84
107,Kaeo,NZ,2021-12-08 03:14:13,-35.1,173.7833,72.54,61,31,6.85
108,Iberia,US,2021-12-08 03:11:24,29.9502,-91.7507,55.98,100,90,6.91
109,Sharjah,AE,2021-12-08 03:14:14,25.3573,55.4033,67.98,83,0,4.61
110,Arequipa,PE,2021-12-08 03:11:58,-16.3989,-71.535,59.07,47,75,2.3
111,Port Hedland,AU,2021-12-08 03:14:15,-20.3167,118.5667,102.25,32,21,6.91
112,Male,MV,2021-12-08 03:14:15,4.1748,73.5089,82.27,75,73,11.34
113,Taoudenni,ML,2021-12-08 03:14:16,22.6783,-3.9836,59.0,22,88,10.33
114,Hithadhoo,MV,2021-12-08 03:14:17,-0.6,73.0833,82.15,80,100,13.56
115,Mehamn,NO,2021-12-08 03:14:17,71.0357,27.8492,16.59,69,2,17.43
116,Touros,BR,2021-12-08 03:14:18,-5.1989,-35.4608,77.9,80,22,12.5
117,Adolfo Lopez Mateos,MX,2021-12-08 03:14:19,28.4667,-107.3,46.92,46,93,4.63
118,Mongu,ZM,2021-12-08 03:14:19,-15.2484,23.1274,66.81,86,100,3.31
119,Constitucion,CL,2021-12-08 03:14:20,-35.3333,-72.4167,53.22,89,1,5.37
120,Kharan,PK,2021-12-08 03:14:20,28.5833,65.4167,50.65,26,0,4.9
121,Santa Cruz,BO,2021-12-08 03:10:22,-17.8,-63.1667,78.26,78,100,5.75
122,Te Anau,NZ,2021-12-08 03:14:21,-45.4167,167.7167,62.76,51,100,8.1
123,Muli,MV,2021-12-08 03:14:22,2.9167,73.5667,82.49,77,100,10.96
124,Sabla,NG,2021-12-08 03:14:23,12.7525,4.7077,70.11,15,100,15.1
125,Igbo Ora,NG,2021-12-08 03:14:23,7.4333,3.2833,76.05,86,97,3.74
126,Narsaq,GL,2021-12-08 03:14:24,60.9167,-46.05,30.42,58,100,21.34
127,Nelson Bay,AU,2021-12-08 03:14:25,-32.7167,152.15,74.1,80,99,4.0
128,Katsuura,JP,2021-12-08 03:14:25,35.1333,140.3,55.18,91,100,29.89
129,Rio Grande,BR,2021-12-08 03:14:26,-32.035,-52.0986,66.94,59,51,18.97
130,Nome,US,2021-12-08 03:14:26,64.5011,-165.4064,-0.33,78,1,3.44
131,East London,ZA,2021-12-08 03:05:45,-33.0153,27.9116,66.58,82,95,5.03
132,Luderitz,NA,2021-12-08 03:14:27,-26.6481,15.1594,60.44,80,0,12.59
133,Kirakira,SB,2021-12-08 03:14:28,-10.4544,161.9205,80.6,88,100,8.14
134,Khatanga,RU,2021-12-08 03:06:11,71.9667,102.5,-7.22,95,100,14.7
135,Caluquembe,AO,2021-12-08 03:15:29,-13.7833,14.6833,60.87,92,100,0.63
136,Oranjemund,NA,2021-12-08 03:15:50,-28.55,16.4333,61.02,88,73,11.23
137,Watertown,US,2021-12-08 03:15:51,42.3709,-71.1828,34.0,72,1,1.01
138,Ostrovnoy,RU,2021-12-08 03:15:52,68.0531,39.5131,1.26,92,33,6.51
139,Madisonville,US,2021-12-08 03:15:53,37.3281,-87.4989,37.24,62,100,4.72
140,Upernavik,GL,2021-12-08 03:07:34,72.7868,-56.1549,13.14,95,100,4.56
141,Barcelos,PT,2021-12-08 03:15:54,41.5388,-8.6151,47.84,70,95,16.55
142,Chaparral,CO,2021-12-08 03:15:54,3.7232,-75.4832,68.63,83,88,5.28
143,Bereda,ES,2021-12-08 03:09:14,43.2686,-7.5406,42.42,100,90,8.57
144,Prince Rupert,CA,2021-12-08 03:15:55,54.3161,-130.3201,42.49,79,75,16.11
145,Severo-Kurilsk,RU,2021-12-08 03:07:45,50.6789,156.125,31.15,61,93,19.86
146,Vallenar,CL,2021-12-08 03:15:56,-28.5708,-70.7581,68.2,53,93,2.68
147,Mar Del Plata,AR,2021-12-08 03:07:47,-38.0023,-57.5575,67.08,90,0,8.01
148,Nhulunbuy,AU,2021-12-08 03:15:57,-12.2333,136.7667,93.81,43,20,9.22
149,Itaueira,BR,2021-12-08 03:15:58,-7.6033,-43.0256,79.97,63,100,1.72
150,Grootfontein,NA,2021-12-08 03:15:59,-19.5667,18.1167,62.17,88,88,4.61
151,Vao,NC,2021-12-08 03:15:59,-22.6667,167.4833,79.32,77,36,7.67
152,Souillac,MU,2021-12-08 03:06:25,-20.5167,57.5167,79.36,68,4,12.77
153,Campo Grande,BR,2021-12-08 03:16:00,-20.4428,-54.6464,76.55,57,0,10.36
154,Paamiut,GL,2021-12-08 03:16:01,61.994,-49.6678,19.69,66,100,12.86
155,Jibuti,DJ,2021-12-08 03:16:01,11.5,42.5,69.22,79,2,11.56
156,Amambai,BR,2021-12-08 03:16:02,-23.1042,-55.2258,74.39,48,6,13.67
157,Ciudad Guayana,VE,2021-12-08 03:16:03,8.3533,-62.6528,72.36,93,95,4.36
158,Khani,GE,2021-12-08 03:16:03,41.9563,42.9566,51.37,43,2,9.98
159,Farap,TM,2021-12-08 03:16:04,39.1704,63.6116,37.4,100,90,6.91
160,Ayagoz,KZ,2021-12-08 03:16:04,47.9714,80.4392,23.4,96,100,6.53
161,Bethel,US,2021-12-08 03:16:05,41.3712,-73.414,35.91,74,1,0.0
162,Vaini,TO,2021-12-08 03:06:15,-21.2,-175.2,80.76,83,90,6.91
163,Merauke,ID,2021-12-08 03:16:06,-8.4667,140.3333,86.76,64,90,9.28
164,Hailar,CN,2021-12-08 03:16:07,49.2,119.7,19.0,74,100,8.97
165,Kailua,US,2021-12-08 03:15:18,21.4022,-157.7394,78.78,94,90,3.44
166,Kapaa,US,2021-12-08 03:06:23,22.0752,-159.319,80.58,78,90,5.75
167,Beringovskiy,RU,2021-12-08 03:09:16,63.05,179.3167,-7.85,99,100,17.43
168,Chokurdakh,RU,2021-12-08 03:16:08,70.6333,147.9167,-42.54,100,56,3.71
169,Dauphin,CA,2021-12-08 03:14:51,51.1494,-100.0502,-6.12,100,50,2.28
170,Kloulklubed,PW,2021-12-08 03:08:00,7.0419,134.2556,84.7,77,65,7.65
171,Vanimo,PG,2021-12-08 03:07:37,-2.6741,141.3028,81.95,85,97,2.98
172,Ayame,CI,2021-12-08 03:16:10,5.6083,-3.1563,74.98,94,45,1.59
173,Narok,KE,2021-12-08 03:16:11,-1.0783,35.8601,54.99,93,25,3.76
174,Torbay,CA,2021-12-08 03:16:11,47.6666,-52.7314,39.58,78,90,16.11
175,Banda Aceh,ID,2021-12-08 03:16:12,5.5577,95.3222,83.01,71,12,11.21
176,Christchurch,NZ,2021-12-08 03:14:37,-43.5333,172.6333,66.4,70,44,4.0
177,Tasiilaq,GL,2021-12-08 03:05:19,65.6145,-37.6368,21.36,58,11,6.46
178,Yaroslavskiy,RU,2021-12-08 03:16:13,44.1683,132.2072,26.94,79,5,2.21
179,Bassila,BJ,2021-12-08 03:16:14,9.0081,1.6654,73.35,29,52,5.48
180,Lorengau,PG,2021-12-08 03:17:14,-2.0226,147.2712,78.46,91,100,11.43
181,Marawi,PH,2021-12-08 03:17:15,7.9986,124.2928,73.65,73,99,4.29
182,Tiarei,PF,2021-12-08 03:17:16,-17.5333,-149.3333,78.82,73,29,5.82
183,Rockwall,US,2021-12-08 03:17:16,32.9001,-96.4003,52.34,71,1,4.61
184,Dikson,RU,2021-12-08 03:17:17,73.5069,80.5464,16.59,94,100,26.17
185,Cabra,ES,2021-12-08 03:17:18,37.4725,-4.4421,54.39,88,95,5.01
186,Whitehorse,CA,2021-12-08 03:15:08,60.7161,-135.0538,23.77,86,90,12.66
187,Iisalmi,FI,2021-12-08 03:17:19,63.5592,27.1907,-0.38,98,77,3.36
188,Novo Aripuana,BR,2021-12-08 03:17:19,-5.1206,-60.3797,73.63,99,100,0.96
189,Boulder,US,2021-12-08 03:12:27,40.0833,-105.3505,42.53,41,1,1.99
190,Ammon,US,2021-12-08 03:17:20,43.4696,-111.9666,33.85,92,90,1.01
191,Soyo,AO,2021-12-08 03:08:00,-6.1349,12.3689,78.15,90,100,3.89
192,Arauco,CL,2021-12-08 03:17:21,-37.2463,-73.3175,55.42,94,8,3.18
193,Jumla,NP,2021-12-08 03:17:21,29.2747,82.1838,49.37,25,0,2.98
194,Imeni Morozova,RU,2021-12-08 03:17:22,59.9757,31.0376,10.44,98,60,4.94
195,Kununurra,AU,2021-12-08 03:17:23,-15.7667,128.7333,93.18,49,48,8.05
196,Maarianhamina,AX,2021-12-08 03:17:23,60.0973,19.9348,6.66,85,0,2.3
197,Kassala,SD,2021-12-08 03:17:24,15.451,36.4,73.47,57,0,7.27
198,Hofn,IS,2021-12-08 03:17:24,64.2539,-15.2082,30.85,48,35,9.26
199,Voyvozh,RU,2021-12-08 03:17:25,62.892,54.9635,-6.66,100,93,4.36
200,Half Moon Bay,US,2021-12-08 03:15:08,37.4636,-122.4286,57.11,90,1,5.75
201,Rocha,UY,2021-12-08 03:17:26,-34.4833,-54.3333,55.83,93,0,6.71
202,Sola,VU,2021-12-08 03:17:27,-13.8833,167.55,82.42,69,100,3.56
203,Sibu,MY,2021-12-08 03:17:27,2.3,111.8167,86.31,74,40,3.44
204,Novyy Yarychiv,UA,2021-12-08 03:17:28,49.9044,24.3052,22.33,96,100,7.29
205,Lingao,CN,2021-12-08 03:17:28,19.9103,109.6859,73.35,76,98,20.65
206,Wajir,KE,2021-12-08 03:17:29,1.7471,40.0573,77.02,75,27,9.22
207,Whitianga,NZ,2021-12-08 03:17:29,-36.8333,175.7,72.36,64,48,10.42
208,Chabahar,IR,2021-12-08 03:17:30,25.2919,60.643,70.05,70,0,5.64
209,Laranja Da Terra,BR,2021-12-08 03:17:30,-19.8989,-41.0567,68.05,96,100,2.59
210,Una,IN,2021-12-08 03:17:31,20.8167,71.0333,73.33,55,0,10.27
211,Dalbandin,PK,2021-12-08 03:15:20,28.8947,64.4101,48.06,27,0,6.67
212,Emerald,AU,2021-12-08 03:17:32,-23.5333,148.1667,85.33,53,85,3.31
213,Sept-Iles,CA,2021-12-08 03:15:01,50.2001,-66.3821,10.92,56,20,14.97
214,Lebu,CL,2021-12-08 03:16:04,-37.6167,-73.65,54.23,91,45,7.47
215,Terra Santa,BR,2021-12-08 03:17:33,-2.1042,-56.4869,74.46,98,100,2.57
216,Koumac,NC,2021-12-08 03:17:34,-20.5667,164.2833,83.53,71,48,8.01
217,Honningsvag,NO,2021-12-08 03:09:10,70.9821,25.9704,22.98,75,0,32.23
218,Avarua,CK,2021-12-08 03:06:01,-21.2078,-159.775,78.85,83,40,6.91
219,Kaitangata,NZ,2021-12-08 03:17:35,-46.2817,169.8464,63.93,77,98,0.76
220,Chapais,CA,2021-12-08 03:17:36,49.7834,-74.8492,-11.42,94,100,6.08
221,Mettet,BE,2021-12-08 03:17:37,50.3212,4.6623,42.06,87,75,13.8
222,Grindavik,IS,2021-12-08 03:09:17,63.8424,-22.4338,30.67,100,40,12.66
223,General Bravo,MX,2021-12-08 03:17:38,25.8,-99.1667,68.72,63,92,9.82
224,Pacific Grove,US,2021-12-08 03:17:38,36.6177,-121.9166,58.42,91,90,1.01
225,Dunedin,NZ,2021-12-08 03:13:09,-45.8742,170.5036,66.49,65,100,8.61
226,Baker City,US,2021-12-08 03:17:39,44.7749,-117.8344,36.93,100,90,0.0
227,Namatanai,PG,2021-12-08 03:09:04,-3.6667,152.4333,83.3,78,89,15.66
228,Linxia,CN,2021-12-08 03:18:40,35.6003,103.2064,33.67,71,55,2.64
229,Carauari,BR,2021-12-08 03:18:40,-4.8828,-66.8958,73.35,98,98,1.79
230,Sinnamary,GF,2021-12-08 03:18:41,5.3833,-52.95,77.67,88,95,4.34
231,Sao Joao Batista,BR,2021-12-08 03:18:42,-27.2761,-48.8494,70.77,94,64,1.92
232,Saskylakh,RU,2021-12-08 03:18:42,71.9167,114.0833,-8.09,95,100,9.69
233,Povenets,RU,2021-12-08 03:18:43,62.8487,34.8262,13.78,96,100,3.49
234,Shirokiy,RU,2021-12-08 03:18:43,49.758,129.523,17.47,90,61,6.11
235,Vardo,NO,2021-12-08 03:18:44,70.3705,31.1107,20.91,72,2,19.22
236,Coahuayana,MX,2021-12-08 03:18:44,18.7333,-103.6833,73.0,77,95,3.94
237,Fairbanks,US,2021-12-08 03:15:02,64.8378,-147.7164,20.1,87,100,1.01
238,Laguna,US,2021-12-08 03:18:45,38.421,-121.4238,53.44,91,90,1.99
239,Poya,NC,2021-12-08 03:18:46,-21.35,165.15,85.5,65,52,6.71
240,Esperance,AU,2021-12-08 03:18:46,-33.8667,121.9,72.57,44,97,16.02
241,Esterhazy,CA,2021-12-08 03:18:47,50.65,-102.0843,-3.15,99,23,1.45
242,Nikolskoye,RU,2021-12-08 03:09:02,59.7035,30.7861,10.29,100,93,3.33
243,Japura,ID,2021-12-08 03:18:48,-0.3167,102.35,82.83,75,98,3.69
244,Dolores,AR,2021-12-08 03:18:49,-36.3132,-57.6792,66.16,73,0,15.35
245,Ancud,CL,2021-12-08 03:18:49,-41.8697,-73.8203,56.73,93,3,4.27
246,Norman Wells,CA,2021-12-08 03:18:50,65.282,-126.8329,-9.36,77,75,2.3
247,Luocheng,CN,2021-12-08 03:18:51,29.3848,104.0286,49.1,88,100,3.02
248,Faanui,PF,2021-12-08 03:18:51,-16.4833,-151.75,80.8,73,33,2.08
249,Mahenge,TZ,2021-12-08 03:18:52,-8.6833,36.7167,63.03,95,99,0.72
250,Vanavara,RU,2021-12-08 03:18:52,60.34,102.2797,7.81,96,99,1.63
251,Alakurtti,RU,2021-12-08 03:18:53,66.9672,30.3491,4.62,94,80,4.14
252,Ler,SS,2021-12-08 03:18:53,8.3018,30.1418,76.32,29,41,6.49
253,Mayo,US,2021-12-08 03:18:54,38.8876,-76.5119,37.94,62,1,0.0
254,Quesnel,CA,2021-12-08 03:18:54,52.9999,-122.5029,30.7,80,90,8.05
255,Sao Filipe,CV,2021-12-08 03:18:55,14.8961,-24.4956,76.6,68,100,9.57
256,Troitskoye,RU,2021-12-08 03:18:55,52.9821,84.6757,0.14,99,57,3.71
257,Provideniya,RU,2021-12-08 03:17:24,64.3833,-173.3,8.71,56,90,17.9
258,Pilot Butte,CA,2021-12-08 03:18:56,50.4668,-104.4178,4.66,80,40,2.3
259,Gigmoto,PH,2021-12-08 03:18:57,13.7796,124.39,77.25,88,100,19.51
260,Francistown,BW,2021-12-08 03:18:57,-21.17,27.5079,69.39,78,94,11.95
261,Aras,ES,2021-12-08 03:18:58,42.5617,-2.356,43.72,83,20,18.41
262,Muros,ES,2021-12-08 03:18:59,42.7762,-9.0603,51.24,77,99,27.51
263,Kutum,SD,2021-12-08 03:18:59,14.2,24.6667,60.89,22,4,7.7
264,Natal,BR,2021-12-08 03:16:47,-5.795,-35.2094,79.02,94,40,6.91
265,Hobyo,SO,2021-12-08 03:19:01,5.3505,48.5268,77.02,70,97,15.79
266,Gawler,AU,2021-12-08 03:19:01,-34.6,138.7333,68.47,39,4,13.65
267,Otane,NZ,2021-12-08 03:19:02,-39.8833,176.6333,74.39,53,89,5.19
268,Ust-Omchug,RU,2021-12-08 03:19:02,61.15,149.6333,-27.58,99,97,5.7
269,Yarada,IN,2021-12-08 03:19:03,17.65,83.2667,77.32,78,75,6.91
270,Husavik,IS,2021-12-08 03:19:03,66.0449,-17.3389,21.11,79,43,13.24
271,Vila Velha,BR,2021-12-08 03:19:04,-20.3297,-40.2925,71.55,87,75,5.99
272,Nieuw Amsterdam,SR,2021-12-08 03:19:04,5.8833,-55.0833,78.03,92,96,6.02
273,Wanparti,IN,2021-12-08 03:16:21,16.3667,78.0667,74.48,62,3,11.25
274,Cabedelo,BR,2021-12-08 03:17:07,-6.9811,-34.8339,79.47,80,81,11.92
275,Ballina,AU,2021-12-08 03:20:06,-28.8667,153.5667,78.98,62,77,8.28
276,Bayburt,TR,2021-12-08 03:20:06,40.2589,40.2278,29.82,69,3,7.38
277,Atherton,GB,2021-12-08 03:20:07,53.5237,-2.4935,41.72,89,100,4.0
278,Port Blair,IN,2021-12-08 03:15:51,11.6667,92.75,81.79,69,72,13.44
279,Codrington,AU,2021-12-08 03:20:08,-38.2667,141.9667,57.67,55,60,17.02
280,Srednekolymsk,RU,2021-12-08 03:20:08,67.45,153.6833,-24.9,98,100,4.38
281,Sandwick,GB,2021-12-08 03:20:09,60.0,-1.25,42.62,81,90,39.12
282,Tavda,RU,2021-12-08 03:20:10,58.0425,65.2726,2.46,94,6,4.09
283,Harbour Breton,CA,2021-12-08 03:20:10,47.4833,-55.7983,37.99,59,100,23.35
284,Aklavik,CA,2021-12-08 03:18:24,68.2191,-135.0107,5.83,88,100,1.74
285,Gat,IL,2021-12-08 03:20:01,31.61,34.7642,56.91,37,0,15.35
286,Hasaki,JP,2021-12-08 03:20:11,35.7333,140.8333,50.4,85,100,39.44
287,Qui Nhon,VN,2021-12-08 03:20:12,13.7667,109.2333,72.3,80,100,17.34
288,Klaksvik,FO,2021-12-08 03:20:12,62.2266,-6.589,40.12,79,100,14.81
289,Sao Raimundo Nonato,BR,2021-12-08 03:20:13,-9.0153,-42.6994,78.49,65,69,1.9
290,Talnakh,RU,2021-12-08 03:20:13,69.4865,88.3972,-9.8,99,100,7.74
291,Zhangjiakou,CN,2021-12-08 03:20:14,40.81,114.8794,35.65,31,100,2.15
292,Buchanan,LR,2021-12-08 03:20:14,5.8808,-10.0467,78.78,86,11,4.25
293,Fortuna,US,2021-12-08 03:20:15,40.5982,-124.1573,52.2,93,90,0.0
294,Tual,ID,2021-12-08 03:20:16,-5.6667,132.75,78.1,85,100,2.98
295,Olafsvik,IS,2021-12-08 03:20:16,64.8945,-23.7142,34.11,60,4,7.38
296,Salama,HN,2021-12-08 03:18:12,14.8333,-86.5833,67.28,96,98,2.04
297,Lamovita,BA,2021-12-08 03:20:17,44.9256,16.9072,29.12,85,40,3.91
298,Zonguldak,TR,2021-12-08 03:20:19,41.25,31.8333,47.07,75,100,3.51
299,Roald,NO,2021-12-08 03:20:19,62.5833,6.1333,36.09,51,33,17.27
300,Haarlem,NL,2021-12-08 03:17:08,52.3667,4.6333,44.04,92,75,1.01
301,Brigantine,US,2021-12-08 03:20:20,39.4101,-74.3646,40.01,72,1,0.0
302,Mandera,KE,2021-12-08 03:20:21,3.9366,41.867,78.04,72,21,11.41
303,Mao,ES,2021-12-08 03:20:21,39.8885,4.2658,59.56,72,0,19.57
304,Monywa,MM,2021-12-08 03:20:22,22.1167,95.1333,75.24,70,29,8.97
305,Varkkallai,IN,2021-12-08 03:20:22,8.7341,76.7067,83.98,77,1,5.66
306,Bonfim,BR,2021-12-08 03:20:23,3.0833,-59.95,76.75,86,100,4.74
307,Kimberley,ZA,2021-12-08 03:20:23,-28.7323,24.7623,55.09,71,0,8.05
308,Mae Sot,TH,2021-12-08 03:20:24,16.7167,98.5667,75.15,60,0,1.14
309,San Quintin,MX,2021-12-08 03:20:24,30.4833,-115.95,57.7,77,98,0.98
310,Smirnykh,RU,2021-12-08 03:20:25,49.75,142.8333,26.44,72,7,2.91
311,Sangueya,GN,2021-12-08 03:20:26,10.7,-14.3667,74.86,93,80,1.88
312,Chowchilla,US,2021-12-08 03:18:05,37.123,-120.2602,56.41,81,5,4.59
313,Tiksi,RU,2021-12-08 03:16:42,71.6872,128.8694,-20.92,94,100,8.12
314,Teacapan,MX,2021-12-08 03:20:28,22.55,-105.75,72.88,71,89,5.68
315,Diffa,NE,2021-12-08 03:20:28,13.3154,12.6113,65.26,15,41,10.29
316,Broome,US,2021-12-08 03:20:29,42.2506,-75.833,31.84,74,90,1.99
317,Revelstoke,CA,2021-12-08 03:20:29,50.9832,-118.2023,24.82,93,90,4.61
318,Yerbogachen,RU,2021-12-08 03:20:30,61.2767,108.0108,4.44,96,100,1.3
319,Hammerfest,NO,2021-12-08 03:21:30,70.6634,23.6821,19.85,63,0,12.66
320,Ilulissat,GL,2021-12-08 03:21:31,69.2167,-51.1,10.42,56,72,3.44
321,Mtsensk,RU,2021-12-08 03:21:31,53.2766,36.5733,32.88,99,100,7.65
322,Adrar,MR,2021-12-08 03:16:44,20.5022,-10.0711,61.09,19,100,12.01
323,Acapulco,MX,2021-12-08 03:19:53,16.8634,-99.8901,80.42,83,1,3.44
324,Eisiskes,LT,2021-12-08 03:17:51,54.1667,25.0,9.18,88,12,5.41
325,Port Hawkesbury,CA,2021-12-08 03:21:33,45.6169,-61.3485,33.82,62,90,10.0
326,Pisco,PE,2021-12-08 03:21:33,-13.7,-76.2167,66.25,82,0,14.97
327,Hoquiam,US,2021-12-08 03:21:34,46.9809,-123.8893,50.52,100,93,3.0
328,Cidreira,BR,2021-12-08 03:21:34,-30.1811,-50.2056,68.02,64,19,15.86
329,Ezhou,CN,2021-12-08 03:21:35,30.4,114.8333,60.15,42,84,3.44
330,Tirau,NZ,2021-12-08 03:21:36,-37.9833,175.75,76.82,68,21,9.13
331,Saint Anthony,US,2021-12-08 03:17:48,45.0205,-93.218,15.73,83,75,0.0
332,Bubaque,GW,2021-12-08 03:21:37,11.2833,-15.8333,81.28,69,9,12.03
333,Fort Nelson,CA,2021-12-08 03:21:37,58.8053,-122.7002,4.59,92,75,2.3
334,Tabuk,PH,2021-12-08 03:21:38,17.4189,121.4443,73.99,73,65,7.65
335,Petropavlovsk-Kamchatskiy,RU,2021-12-08 03:21:38,53.0452,158.6483,28.99,51,40,4.47
336,Bilma,NE,2021-12-08 03:21:39,18.6853,12.9164,52.77,18,0,9.46
337,Pathein,MM,2021-12-08 03:21:40,16.7833,94.7333,77.45,64,2,6.38
338,Gavle,SE,2021-12-08 03:21:40,60.6745,17.1417,8.51,88,100,4.0
339,Esfarayen,IR,2021-12-08 03:21:41,37.0765,57.5101,24.46,42,57,4.99
340,Minot,US,2021-12-08 03:21:41,48.2325,-101.2963,16.02,67,75,8.05
341,Zeya,RU,2021-12-08 03:21:42,53.75,127.2667,14.13,83,99,4.43
342,Ko Samui,TH,2021-12-08 03:21:42,9.5357,99.9357,85.91,66,40,11.5
343,Inuvik,CA,2021-12-08 03:17:40,68.3499,-133.7218,5.86,85,100,4.61
344,Coffs Harbour,AU,2021-12-08 03:21:43,-30.3,153.1333,80.13,78,33,12.66
345,Elizabeth City,US,2021-12-08 03:21:44,36.2946,-76.2511,48.22,67,90,3.44
346,Aloleng,PH,2021-12-08 03:21:44,16.1307,119.7824,82.63,52,10,10.42
347,Buloh Kasap,MY,2021-12-08 03:21:45,2.5536,102.764,82.31,71,100,8.23
348,Argalasti,GR,2021-12-08 03:21:45,39.2333,23.2167,44.58,68,10,10.51
349,Pevek,RU,2021-12-08 03:21:46,69.7008,170.3133,-24.23,100,100,2.55
350,Palu,ID,2021-12-08 03:21:46,-0.8917,119.8707,87.26,60,95,3.58
351,Buritizeiro,BR,2021-12-08 03:21:47,-17.3511,-44.9622,69.37,91,34,1.95
352,Kalininsk,RU,2021-12-08 03:21:48,51.5,44.4758,32.85,98,100,14.32
353,Vitali,PH,2021-12-08 03:21:49,7.3711,122.2886,85.95,66,75,6.04
354,Chardara,KZ,2021-12-08 03:21:49,41.2547,67.9692,44.91,60,96,6.24
355,Butaritari,KI,2021-12-08 03:21:50,3.0707,172.7902,82.85,77,88,14.12
356,Sao Felix Do Xingu,BR,2021-12-08 03:21:50,-6.6447,-51.995,72.14,99,100,2.15
357,Kuching,MY,2021-12-08 03:21:51,1.55,110.3333,84.42,79,40,2.3
358,Havre-Saint-Pierre,CA,2021-12-08 03:21:51,50.2334,-63.5986,21.79,67,75,21.85
359,Zhezkazgan,KZ,2021-12-08 03:21:52,47.8043,67.7144,8.58,92,40,8.95
360,Peterhead,GB,2021-12-08 03:21:52,57.5058,-1.7981,46.8,79,69,29.15
361,Kieta,PG,2021-12-08 03:19:35,-6.2167,155.6333,81.39,84,100,1.68
362,Obidos,BR,2021-12-08 03:21:53,-1.9175,-55.5181,74.77,96,100,1.36
363,Poopo,BO,2021-12-08 03:21:54,-18.3667,-66.9667,49.87,66,99,3.58
364,Yertsevo,RU,2021-12-08 03:21:54,60.7966,40.086,18.55,96,99,5.35
365,Kaniama,CD,2021-12-08 03:21:55,-7.5667,24.1833,65.55,97,100,2.01
366,Tutoia,BR,2021-12-08 03:22:55,-2.7619,-42.2744,81.14,83,82,13.22
367,Weiz,AT,2021-12-08 03:22:56,47.2167,15.6167,26.04,91,19,3.96
368,Bemidji,US,2021-12-08 03:22:56,47.4736,-94.8803,12.18,87,90,5.75
369,Iqaluit,CA,2021-12-08 03:22:57,63.7506,-68.5145,6.53,72,75,9.22
370,Arya,PK,2021-12-08 03:22:58,33.6,73.0667,53.24,69,1,3.44
371,Matadi,CD,2021-12-08 03:22:58,-5.8167,13.45,76.35,96,100,1.99
372,Ifanadiana,MG,2021-12-08 03:22:59,-21.3,47.6333,67.59,87,6,1.88
373,Mumford,GH,2021-12-08 03:23:00,5.2618,-0.759,79.45,84,13,7.65
374,Buala,SB,2021-12-08 03:23:00,-8.145,159.5921,78.1,92,100,8.86
375,Necochea,AR,2021-12-08 03:23:01,-38.5473,-58.7368,67.03,66,2,15.97
376,Surgut,RU,2021-12-08 03:19:57,61.25,73.4167,-10.91,83,40,11.01
377,Sterling,US,2021-12-08 03:22:30,39.0062,-77.4286,35.91,62,90,5.01
378,Tongren,CN,2021-12-08 03:23:02,27.7172,109.1853,51.94,54,92,2.55
379,Shitanjing,CN,2021-12-08 03:23:03,39.2342,106.3439,32.43,50,100,5.3
380,Pozo Colorado,PY,2021-12-08 03:23:04,-23.4923,-58.7972,75.38,40,0,5.39
381,Hays,US,2021-12-08 03:23:05,30.0502,-98.0336,59.05,67,0,5.59
382,Killybegs,IE,2021-12-08 03:23:05,54.6333,-8.45,39.45,96,100,39.3
383,Saint-Alexandre,FR,2021-12-08 03:23:06,44.2278,4.6214,44.17,90,100,5.3
384,Varna,BG,2021-12-08 03:23:07,43.2167,27.9167,39.34,92,75,14.97
385,San Carlos,VE,2021-12-08 03:23:08,9.6612,-68.5827,72.36,85,46,3.78
386,Chifeng,CN,2021-12-08 03:23:09,42.2683,118.9636,38.01,22,100,2.68
387,Micheweni,TZ,2021-12-08 03:23:09,-4.9667,39.8333,77.79,82,39,0.27
388,Sur,OM,2021-12-08 03:23:11,22.5667,59.5289,72.93,71,1,11.74
389,Zdvinsk,RU,2021-12-08 03:23:11,54.7021,78.661,-10.61,100,21,6.17
390,Mattru,SL,2021-12-08 03:23:12,7.6244,-11.8332,75.02,95,5,2.13
391,Marinette,US,2021-12-08 03:23:13,45.1,-87.6307,19.76,92,90,0.0
392,Coihaique,CL,2021-12-08 03:22:02,-45.5752,-72.0662,60.75,63,20,4.61
393,Isangel,VU,2021-12-08 03:18:29,-19.55,169.2667,86.11,74,75,2.3
394,Gizo,SB,2021-12-08 03:23:14,-8.103,156.8419,81.64,81,100,12.21
395,Pangkalanbuun,ID,2021-12-08 03:23:14,-2.6833,111.6167,83.5,74,99,3.62
396,Port-Gentil,GA,2021-12-08 03:23:15,-0.7193,8.7815,79.25,85,100,8.48
397,Alofi,NU,2021-12-08 03:23:15,-19.0595,-169.9187,80.49,69,75,16.11
398,Pangody,RU,2021-12-08 03:23:16,65.85,74.4859,-10.05,100,32,9.17
399,Sisimiut,GL,2021-12-08 03:23:16,66.9395,-53.6735,10.22,73,5,13.06
400,Basco,PH,2021-12-08 03:23:17,20.4487,121.9702,75.15,65,91,27.6
401,Lardos,GR,2021-12-08 03:23:18,36.0942,28.0157,53.42,67,95,17.83
402,Linqiong,CN,2021-12-08 03:23:18,30.4159,103.4609,51.62,76,100,0.89
403,Caravelas,BR,2021-12-08 03:18:52,-17.7125,-39.2481,70.61,96,100,7.27
404,Karpogory,RU,2021-12-08 03:23:19,64.0019,44.4451,15.26,94,100,10.47
405,Celestun,MX,2021-12-08 03:23:20,20.8667,-90.4,78.85,80,55,9.37
406,Mehriz,IR,2021-12-08 03:23:21,31.5917,54.4318,37.9,46,1,3.8
407,Aksu,CN,2021-12-08 03:23:21,41.1231,80.2644,31.24,38,88,1.77
408,Yakeshi,CN,2021-12-08 03:23:22,49.2833,120.7333,18.73,73,100,2.95
409,Raduzhnyy,RU,2021-12-08 03:23:23,62.0961,77.475,0.41,96,99,9.44
410,Bairiki,KI,2021-12-08 03:23:23,1.3292,172.9752,87.8,70,20,13.8
411,Bejar,ES,2021-12-08 03:23:24,40.3864,-5.7634,43.32,92,83,12.82
412,Shingu,JP,2021-12-08 03:23:25,33.7333,135.9833,58.19,49,1,6.08
413,Raudeberg,NO,2021-12-08 03:24:26,61.9875,5.1352,36.27,57,52,5.99
414,Lucea,JM,2021-12-08 03:24:26,18.451,-78.1736,78.66,81,3,10.74
415,Inhambane,MZ,2021-12-08 03:24:27,-23.865,35.3833,75.06,89,52,3.76
416,Malinyi,TZ,2021-12-08 03:24:28,-8.9333,36.1333,70.95,96,100,2.08
417,Buin,CL,2021-12-08 03:24:28,-33.7333,-70.75,71.87,63,0,1.99
418,Mackay,AU,2021-12-08 03:24:29,-21.15,149.2,92.68,65,41,11.5
419,Sedhiou,SN,2021-12-08 03:24:29,12.7081,-15.5569,66.33,50,37,2.8
420,Riyadh,SA,2021-12-08 03:22:00,24.6877,46.7219,51.94,25,55,5.01
421,Nicholasville,US,2021-12-08 03:24:30,37.8806,-84.573,32.29,48,90,8.05
422,Nemuro,JP,2021-12-08 03:24:31,43.3236,145.575,39.63,62,100,13.42
423,San Patricio,US,2021-12-08 03:24:31,28.017,-97.5169,66.29,76,31,5.46
424,Palembang,ID,2021-12-08 03:24:32,-2.9167,104.7458,84.29,79,75,11.5
425,Henties Bay,NA,2021-12-08 03:24:33,-22.116,14.2845,58.86,95,3,1.12
426,Havelock,US,2021-12-08 03:19:59,34.8791,-76.9013,48.94,77,100,1.01
427,Nabire,ID,2021-12-08 03:24:34,-3.3667,135.4833,82.99,75,100,3.02
428,Skjervoy,NO,2021-12-08 03:24:34,70.0311,20.9714,20.3,75,0,18.72
429,Yenagoa,NG,2021-12-08 03:24:35,4.9247,6.2642,77.0,94,6,3.42
430,North Platte,US,2021-12-08 03:21:43,41.1239,-100.7654,33.39,58,20,4.0
431,Carnot,CF,2021-12-08 03:24:36,4.9409,15.8665,71.94,49,15,1.3
432,Takoradi,GH,2021-12-08 03:21:16,4.8845,-1.7554,79.16,85,16,6.46
433,Najran,SA,2021-12-08 03:24:36,17.4924,44.1277,47.05,25,0,1.86
434,Udachnyy,RU,2021-12-08 03:24:37,66.4167,112.4,-13.56,68,100,2.24
435,Anadyr,RU,2021-12-08 03:24:37,64.75,177.4833,-16.01,75,20,11.01
436,Zhuanghe,CN,2021-12-08 03:24:38,39.7008,122.9911,42.84,53,46,2.24
437,Tazovskiy,RU,2021-12-08 03:24:39,67.4667,78.7,-16.08,98,21,8.57
438,Maragogi,BR,2021-12-08 03:24:39,-9.0122,-35.2225,78.22,76,92,9.24
439,Brits,ZA,2021-12-08 03:24:40,-25.6347,27.7802,69.82,90,99,6.51
440,Mustvee,EE,2021-12-08 03:24:41,58.8486,26.9397,9.37,98,80,4.27
441,Edd,ER,2021-12-08 03:24:41,13.9297,41.6925,78.35,56,1,15.32
442,Burnie,AU,2021-12-08 03:24:42,-41.0667,145.9167,59.97,42,84,8.08
443,Sevsk,RU,2021-12-08 03:24:42,52.1491,34.4926,33.28,98,100,11.77
444,Dyurtyuli,RU,2021-12-08 03:24:43,55.4911,54.8688,15.57,80,100,10.6
445,Tura,IN,2021-12-08 03:24:43,25.5198,90.2201,72.52,63,0,2.28
446,Dumas,US,2021-12-08 03:24:44,35.8656,-101.9732,40.42,41,1,4.61
447,Lagoa,PT,2021-12-08 03:24:44,39.05,-27.9833,58.75,67,100,9.04
448,Ilinskiy,RU,2021-12-08 03:24:45,55.619,38.1182,28.74,86,90,11.18
449,Richards Bay,ZA,2021-12-08 03:24:46,-28.783,32.0377,69.12,90,100,1.34
450,Gewane,ET,2021-12-08 03:24:46,10.1664,40.6453,68.43,55,0,4.09
451,Havre,FR,2021-12-08 03:24:47,49.5833,0.3333,41.45,87,75,24.16
452,Kenora,CA,2021-12-08 03:20:22,49.8167,-94.4337,10.38,85,90,8.05
453,Beisfjord,NO,2021-12-08 03:24:48,68.3751,17.5988,19.45,86,3,10.45
454,Clyde River,CA,2021-12-08 03:24:48,70.4692,-68.5914,3.43,85,99,13.8
455,Eirunepe,BR,2021-12-08 03:24:49,-6.6603,-69.8736,71.83,96,66,1.97
456,Chara,RU,2021-12-08 03:24:49,56.9064,118.2631,12.79,86,94,0.51
457,Kawalu,ID,2021-12-08 03:24:50,-7.3817,108.2082,87.12,58,13,1.7
458,Geraldton,AU,2021-12-08 03:24:50,-28.7667,114.6,81.01,61,21,25.32
459,Bahia Blanca,AR,2021-12-08 03:24:51,-38.7196,-62.2724,77.56,44,100,12.75
460,Preobrazheniye,RU,2021-12-08 03:24:51,42.9019,133.9064,40.57,38,0,1.72
461,Evensk,RU,2021-12-08 03:25:52,61.95,159.2333,-0.29,94,100,6.58
462,Misratah,LY,2021-12-08 03:25:53,32.3754,15.0925,55.9,53,0,14.29
463,Ust-Tsilma,RU,2021-12-08 03:25:53,65.441,52.1498,-8.03,100,70,2.95
464,Djibo,BF,2021-12-08 03:25:54,14.1022,-1.6306,73.54,14,38,9.53
465,Topolobampo,MX,2021-12-08 03:25:55,25.6,-109.05,66.11,72,40,0.0
466,Pahrump,US,2021-12-08 03:25:55,36.2083,-115.9839,55.62,65,96,1.99
467,Umm Lajj,SA,2021-12-08 03:21:03,25.0213,37.2685,74.89,60,97,1.83
468,Sistranda,NO,2021-12-08 03:25:56,63.7256,8.834,28.36,71,81,19.42
469,Egvekinot,RU,2021-12-08 03:25:57,66.3167,-179.1667,-3.98,95,100,6.55
470,Marsabit,KE,2021-12-08 03:20:59,2.3284,37.9899,64.44,79,25,11.7
471,Sergeyevka,KZ,2021-12-08 03:25:58,53.88,67.4158,-4.61,95,6,6.78
472,Kokkola,FI,2021-12-08 03:25:58,63.8385,23.1307,9.93,88,90,3.44
473,Ayorou,NE,2021-12-08 03:25:59,14.7308,0.9174,71.33,15,2,10.47
474,Lidkoping,SE,2021-12-08 03:26:00,58.5052,13.1577,28.92,86,66,11.5
475,Yulara,AU,2021-12-08 03:26:00,-25.2406,130.9889,89.44,20,0,16.11
476,Aksarka,RU,2021-12-08 03:26:01,66.5606,67.7975,-1.93,90,58,9.98
477,Saint-Joseph,RE,2021-12-08 03:26:02,-21.3667,55.6167,77.38,72,8,10.31
478,Chililabombwe,ZM,2021-12-08 03:26:03,-12.3648,27.8229,64.51,76,100,3.24
479,Alcudia,ES,2021-12-08 03:26:03,39.8532,3.1214,63.19,73,67,21.27
480,Liverpool,GB,2021-12-08 03:24:22,53.4106,-2.9779,41.83,88,90,8.99
481,Flinders,AU,2021-12-08 03:26:05,-34.5833,150.8552,65.8,85,100,9.08
482,Mahibadhoo,MV,2021-12-08 03:26:05,3.7833,72.9667,81.28,79,97,10.65
483,Aguimes,ES,2021-12-08 03:26:06,27.9054,-15.4461,61.43,77,75,12.66
484,Songjianghe,CN,2021-12-08 03:26:07,42.1859,127.479,36.61,53,0,4.47
485,Mindelo,CV,2021-12-08 03:26:08,16.8901,-24.9804,72.95,64,90,21.85
486,Union City,US,2021-12-08 03:26:08,37.5958,-122.0192,57.06,86,1,1.01
487,Trincomalee,LK,2021-12-08 03:26:09,8.5711,81.2335,81.93,73,73,9.4
488,Biltine,TD,2021-12-08 03:26:09,14.5333,20.9167,70.21,16,1,12.73
489,Channel-Port Aux Basques,CA,2021-12-08 03:26:10,47.5702,-59.1367,32.79,58,100,30.42
490,Sao Joao Da Barra,BR,2021-12-08 03:26:11,-21.6403,-41.0511,70.29,86,100,8.16
491,Phek,IN,2021-12-08 03:26:12,25.6667,94.5,53.6,93,73,1.88
492,Puerto Del Rosario,ES,2021-12-08 03:21:34,28.5004,-13.8627,65.95,77,63,14.97
493,Madimba,TZ,2021-12-08 03:26:13,-10.4,40.3333,77.77,86,22,5.1
494,Lavrentiya,RU,2021-12-08 03:26:14,65.5833,-171.0,0.52,90,63,6.8
495,Davila,PH,2021-12-08 03:26:15,18.4726,120.5763,84.18,61,28,26.6
496,Auki,SB,2021-12-08 03:26:15,-8.7676,160.7034,78.17,91,100,9.53
497,Victoria,HK,2021-12-08 03:24:16,22.2855,114.1577,73.96,62,0,1.01
498,Nishihara,JP,2021-12-08 03:26:16,26.1842,127.7558,71.26,53,75,16.11
499,Leningradskiy,RU,2021-12-08 03:26:17,69.3833,178.4167,-16.1,81,67,9.69
500,Montepuez,MZ,2021-12-08 03:26:17,-13.1256,38.9997,70.61,88,91,3.06
501,Saldanha,ZA,2021-12-08 03:26:18,-33.0117,17.9442,59.05,89,47,15.17
502,Dukat,RU,2021-12-08 03:26:18,62.55,155.55,-29.02,94,100,5.03
503,Cascais,PT,2021-12-08 03:26:19,38.6979,-9.4215,58.05,69,82,1.01
504,Sorland,NO,2021-12-08 03:26:19,67.667,12.6934,24.87,69,100,14.43
505,Ilheus,BR,2021-12-08 03:25:34,-14.7889,-39.0494,76.48,89,100,7.74
506,Poum,NC,2021-12-08 03:27:20,-20.2333,164.0167,82.35,75,17,9.91
507,Banjar,ID,2021-12-08 03:27:21,-8.19,114.9675,87.66,60,23,2.24
508,Santiago Del Estero,AR,2021-12-08 03:27:21,-27.7951,-64.2615,76.8,43,85,7.72
509,Kachug,RU,2021-12-08 03:27:22,53.9606,105.8817,22.26,79,100,1.54
510,Belaya Gora,RU,2021-12-08 03:27:23,68.5333,146.4167,-43.69,100,100,4.05
511,Hovd,MN,2021-12-08 03:22:56,48.0056,91.6419,21.83,50,27,6.38
512,Sherlovaya Gora,RU,2021-12-08 03:27:24,50.5667,116.25,13.44,78,5,4.81
513,Machilipatnam,IN,2021-12-08 03:27:24,16.1667,81.1333,80.8,82,88,11.99
514,Baherden,TM,2021-12-08 03:27:25,38.4362,57.4316,45.57,69,0,8.79
515,Waconia,US,2021-12-08 03:27:26,44.8508,-93.7869,14.65,89,100,4.32
516,Suhbaatar,MN,2021-12-08 03:27:26,50.2314,106.2078,11.5,82,100,2.82
517,Hay River,CA,2021-12-08 03:26:18,60.8156,-115.7999,8.58,78,75,16.11
518,Yar-Sale,RU,2021-12-08 03:27:27,66.8333,70.8333,-1.3,89,99,11.54
519,Zhangye,CN,2021-12-08 03:27:28,38.9342,100.4517,30.81,44,43,4.92
520,Askino,RU,2021-12-08 03:27:28,56.0901,56.5783,14.16,81,100,5.06
521,Denpasar,ID,2021-12-08 03:27:27,-8.65,115.2167,87.46,70,20,5.75
522,Bac Lieu,VN,2021-12-08 03:27:29,9.285,105.7244,78.6,66,96,8.28
523,Flagstaff,US,2021-12-08 03:27:30,35.1981,-111.6513,42.46,86,90,0.0
524,Grajau,BR,2021-12-08 03:27:30,-5.8194,-46.1386,73.44,96,61,3.94
525,Leh,IN,2021-12-08 03:27:31,34.1667,77.5833,14.9,63,100,2.42
526,Batagay-Alyta,RU,2021-12-08 03:27:31,67.8006,130.4114,-31.88,83,99,2.59
527,Amga,RU,2021-12-08 03:27:32,60.8953,131.9608,-22.18,96,61,1.66
528,La Libertad,EC,2021-12-08 03:27:32,-2.2333,-80.9,71.2,84,85,9.8
529,Kurilsk,RU,2021-12-08 03:27:33,45.2333,147.8833,34.66,57,45,7.4
530,Koszalin,PL,2021-12-08 03:27:33,54.1944,16.1722,27.68,88,48,14.79
531,Port Said,EG,2021-12-08 03:27:34,31.2565,32.2841,59.18,52,0,26.11
532,Taunggyi,MM,2021-12-08 03:27:35,20.7833,97.0333,67.12,69,2,0.72
533,Haines Junction,CA,2021-12-08 03:27:35,60.7522,-137.5108,24.75,80,100,4.61
534,Laela,TZ,2021-12-08 03:27:36,-8.5667,32.05,62.31,78,89,2.77
535,Tado,CO,2021-12-08 03:27:37,5.266,-76.5649,74.44,98,98,2.44
536,Ipixuna,BR,2021-12-08 03:27:37,-1.7625,-48.8043,78.75,96,91,2.64
537,Kavieng,PG,2021-12-08 03:27:39,-2.5744,150.7967,82.71,80,100,13.49
538,Altay,CN,2021-12-08 03:27:39,47.8667,88.1167,20.57,82,92,5.41
539,Dali,CN,2021-12-08 03:27:41,25.7,100.1833,58.48,69,23,3.29
540,Okato,NZ,2021-12-08 03:27:41,-39.2,173.8833,70.43,77,53,7.05
541,Kaohsiung,TW,2021-12-08 03:27:42,22.6163,120.3133,76.95,64,40,5.01
542,Lockport,US,2021-12-08 03:27:42,41.5895,-88.0578,24.78,59,90,12.66
543,Los Llanos De Aridane,ES,2021-12-08 03:27:43,28.6585,-17.9182,61.12,83,90,11.99
544,Fare,PF,2021-12-08 03:27:44,-16.7,-151.0167,81.3,66,11,2.84
545,Mingshui,CN,2021-12-08 03:27:44,36.7167,117.5,47.01,41,100,4.23
546,Manakara,MG,2021-12-08 03:27:45,-22.1333,48.0167,72.93,85,3,4.81
547,Bilibino,RU,2021-12-08 03:27:45,68.0546,166.4372,-32.4,97,96,5.03
548,Mercedes,AR,2021-12-08 03:27:46,-34.6515,-59.4307,73.85,66,0,13.85
549,Nkhata Bay,MW,2021-12-08 03:27:46,-11.6066,34.2907,76.08,66,45,6.35
550,Winslow,US,2021-12-08 03:27:47,35.0242,-110.6974,44.96,62,90,4.61
551,Asyut,EG,2021-12-08 03:27:48,27.181,31.1837,49.73,27,0,5.55
552,Los Andes,CL,2021-12-08 03:27:48,-32.8337,-70.5983,67.71,49,0,1.23
553,Bembereke,BJ,2021-12-08 03:28:49,10.2283,2.6634,69.44,26,4,5.48
554,Kattivakkam,IN,2021-12-08 03:28:49,13.2167,80.3167,82.49,92,34,11.86
555,Eureka,US,2021-12-08 03:28:50,40.8021,-124.1637,52.2,96,48,1.01
556,Almansa,ES,2021-12-08 03:28:50,38.8692,-1.0971,54.9,79,53,34.16
557,The Pas,CA,2021-12-08 03:28:51,53.8251,-101.2541,-20.18,83,1,3.44
558,Mahanje,TZ,2021-12-08 03:28:52,-9.9333,35.3333,63.54,95,99,2.62
559,Turbat,PK,2021-12-08 03:28:52,26.0023,63.044,62.51,25,0,6.64
560,Jacareacanga,BR,2021-12-08 03:28:53,-6.2222,-57.7528,73.98,99,100,2.15
561,Sibay,RU,2021-12-08 03:28:54,52.7181,58.6658,3.81,92,73,3.98
562,Abha,SA,2021-12-08 03:28:54,18.2164,42.5053,46.22,31,0,0.0
563,Pinsk,BY,2021-12-08 03:28:55,52.1229,26.0951,16.25,87,97,9.04
564,Ellensburg,US,2021-12-08 03:28:55,46.9965,-120.5479,36.37,88,90,0.0
565,Bada,RU,2021-12-08 03:28:56,51.392,109.8717,21.11,64,91,1.5
566,Olsztyn,PL,2021-12-08 03:24:00,53.7799,20.4942,12.16,74,14,9.04
567,Jasper,US,2021-12-08 03:28:57,37.2001,-94.3502,40.53,58,1,1.01
568,Belle Fourche,US,2021-12-08 03:28:58,44.6714,-103.8522,40.5,73,96,4.52
569,Lazarev,RU,2021-12-08 03:28:58,52.225,141.5131,15.62,80,3,7.16
570,Soverato,IT,2021-12-08 03:28:59,38.685,16.5499,46.35,60,1,10.0
571,Port Hardy,CA,2021-12-08 03:29:00,50.6996,-127.4199,45.75,93,90,3.44
572,Matagami,CA,2021-12-08 03:29:00,49.7502,-77.6328,-12.89,77,1,5.75
573,Bathsheba,BB,2021-12-08 03:29:01,13.2167,-59.5167,79.41,83,75,19.57
574,Diego De Almagro,CL,2021-12-08 03:29:01,-26.3667,-70.05,63.99,52,94,1.14
575,Roma,US,2021-12-08 03:27:30,43.2128,-75.4557,30.13,88,100,2.68
576,Mana,GF,2021-12-08 03:29:02,5.6592,-53.7767,76.71,89,75,4.65
577,Tezu,IN,2021-12-08 03:29:03,27.9167,96.1667,71.13,58,13,2.26
578,Svetlaya,RU,2021-12-08 03:29:04,46.5389,138.3297,33.98,60,0,5.23
579,Moron,AR,2021-12-08 03:29:04,-34.6534,-58.6198,74.01,57,0,8.99
580,Padang,ID,2021-12-08 03:29:05,-0.9492,100.3543,87.85,64,22,3.18
581,Saint-Francois,FR,2021-12-08 03:29:05,46.4154,3.9054,42.67,88,0,3.44
582,Hamilton,US,2021-12-08 03:27:40,39.1834,-84.5333,28.02,79,90,1.99
583,Muisne,EC,2021-12-08 03:29:07,0.6,-80.0333,75.47,86,100,7.76
584,Kultuk,RU,2021-12-08 03:29:07,51.7208,103.6956,28.4,72,100,2.77
585,Ust-Kuyga,RU,2021-12-08 03:29:08,70.0167,135.6,-29.51,96,100,8.7
